{
    "N" : 100,
    "y" : [ 1.45187978e-01,  8.97265438e-02,  4.13565353e-02, -1.36884584e-02,
  2.64533960e-02, -1.04225606e-01,  5.57077484e-02,  7.39542322e-03,
 -9.39083350e-02, -7.41391593e-02, -1.03345909e-01,  1.17314304e-02,
  5.97314753e-02, -1.95425260e-01,  2.97248140e-03,  3.46820276e-02,
  1.03607740e-01, -1.06781977e-01,  9.17148940e-02, -2.29002515e-02,
 -2.78664112e-04,  9.59025308e-02, -1.83942721e-01, -2.11335796e-01,
 -3.87359894e-03, -9.86437098e-02,  6.58220306e-02,  9.86769338e-02,
  3.27540075e-02, -5.22718699e-02, -4.39974831e-02, -2.82708198e-01,
 -1.46889778e-02,  4.49704639e-02, -6.12342769e-03, -4.71849880e-02,
  1.17432416e-01, -1.08295414e-02,  8.30485535e-03, -1.90072376e-01,
  2.00395169e-01, -1.43987694e-01,  7.16713201e-02,  1.55691027e-02,
  1.30033491e-01,  1.61034625e-01, -1.24085115e-01,  6.30804247e-02,
 -1.41384062e-02,  3.77821156e-02, -5.99773564e-02,  5.37164459e-02,
  6.55960320e-02, -7.90878665e-02,  6.16411016e-02,  5.71037250e-02,
 -6.52891004e-02,  1.25480816e-02, -1.60199420e-01, -8.23431557e-02,
 -1.38198174e-01,  2.45391106e-01, -6.58868711e-02, -1.11419719e-01,
 -1.74438195e-02,  2.33032049e-01,  3.28168075e-02, -1.15581142e-02,
 -2.83834959e-01, -5.47952992e-02,  1.14780572e-01,  2.28392179e-01,
 -2.81990151e-02,  5.87178376e-02,  1.10636960e-01,  1.52628136e-02,
 -3.37166703e-02, -1.86927004e-01,  3.81400773e-02,  2.16266954e-03,
 -6.35321238e-02, -8.04212863e-02,  1.57262594e-01,  5.99279949e-02,
 -1.60161221e-01,  1.38782446e-02, -7.91719134e-02, -4.41364220e-02,
 -5.16404029e-02, -9.11453803e-02, -1.13412958e-01,  5.92345943e-02,
  4.15667481e-02,  1.21879033e-01, -3.85907222e-02,  6.12243088e-02,
  8.45989740e-04,  8.77855785e-02, -9.43260244e-02, -9.44415400e-03]
}

